1,149876,konanv2,https://civitai.com/api/download/models/210083
2,157179,kurenai-lyco-nochekaiser,https://civitai.com/api/download/models/176476
3,157178,kushina-lyco-nochekaiser,https://civitai.com/api/download/models/176471
4,149853,mabui-lyco-nochekaiser,https://civitai.com/api/download/models/167428
5,149854,meiterumi-lyco-nochekaiser,https://civitai.com/api/download/models/167431
6,160231,sakura haruno shippuuden-lyco-nochekaiser,https://civitai.com/api/download/models/226945
7,149863,samui-lyco-nochekaiser,https://civitai.com/api/download/models/167442
8,185496,Senju_TsunadeV4,https://civitai.com/api/download/models/208239
9,180681,shizuneV3,https://civitai.com/api/download/models/202776
10,105111,Saya-pornhub(clothes),https://civitai.com/api/download/models/112726
11,76404,LycorisIndien,https://civitai.com/api/download/models/82653
12,53074,neonlight_V1_loha_upload,https://civitai.com/api/download/models/57442
13,75973,[LoHa] Ambilight溢彩 Concept (With multires noise version),https://civitai.com/api/download/models/80715
14,63069,Cosmic anime-oil fusion v2,https://civitai.com/api/download/models/230862
15,76404,edgEasternFantasyCouture,https://civitai.com/api/download/models/241992
15,72383,Saya-clothes lift,https://civitai.com/api/download/models/77120
16,144898,Saya-removing bra,https://civitai.com/api/download/models/161089
17,51136,MultipleGirlsGroup,https://civitai.com/api/download/models/55644
18,114843,PovGroupSex_v10,https://civitai.com/api/download/models/124181
19,213050,futapov,https://civitai.com/api/download/models/240001
20,206724,pov_v2-000010,https://civitai.com/api/download/models/241072
21,45440,breast grab NTR4-000014,https://civitai.com/api/download/models/50717
22,17883,chakumomi_v1-1,https://civitai.com/api/download/models/27351
23,28067,nike-breast_grab_from_behind-v1,https://civitai.com/api/download/models/33636
24,17697,CumOnTongue-000020,https://civitai.com/api/download/models/32721
25,192393,cumtray-wasabiya,https://civitai.com/api/download/models/216128
26,44491,double penetration6 re3-000011,https://civitai.com/api/download/models/49111
27,98801,front view doggystyle(arm grab),https://civitai.com/api/download/models/105689
28,81314,Saya-pov missionary(breast grab),https://civitai.com/api/download/models/88968
29,81314,Saya-pov missionary(holding another's wrist),https://civitai.com/api/download/models/86270
29,81314,Saya-pov missionary(holding hands),https://civitai.com/api/download/models/94939
29,81314,Saya-pov missionary(strangling),https://civitai.com/api/download/models/95936
29,81314,Saya-pov missionary(thigh grab),https://civitai.com/api/download/models/87648
29,81314,Saya-pov missionary(torso grab),https://civitai.com/api/download/models/87097
29,38083,awaitingtongue-000022,https://civitai.com/api/download/models/44044
30,34827,bed_invitation,https://civitai.com/api/download/models/41086
31,74556,MegaMilkV1-25,https://civitai.com/api/download/models/79286
32,90040,Saya-lying spread legs,https://civitai.com/api/download/models/95883
33,95862,SubmissivePoseV2-000008,https://civitai.com/api/download/models/103270
