1,27406,y2b_v2-1,https://civitai.com/api/download/models/91848
2,123423,anko-nvwls-v1-final,https://civitai.com/api/download/models/134563
3,27815,AnkoMitarashi,https://civitai.com/api/download/models/33314
4,118776,attire_narutovest-11,https://civitai.com/api/download/models/128897
5,209651,Ayame1664238935202601146,https://civitai.com/api/download/models/236142
6,94996,baryon,https://civitai.com/api/download/models/101340
7,145569,boruko-10,https://civitai.com/api/download/models/161955
8,222450,boruto uzumaki-lora-nochekaiser,https://civitai.com/api/download/models/250938
9,139283,boruto,https://civitai.com/api/download/models/154203
10,127897,Buntan-01,https://civitai.com/api/download/models/139971
11,15267,character_naruko,https://civitai.com/api/download/models/17984
12,55308,Deidara-08,https://civitai.com/api/download/models/59684
13,81532,delta-15,https://civitai.com/api/download/models/86513
14,46173,eida_Boruto-15,https://civitai.com/api/download/models/50798
15,48030,Fuu_V2,https://civitai.com/api/download/models/52640
16,90251,Gaara-10,https://civitai.com/api/download/models/96107
17,212622,hanabi hyuuga-lora-nochekaiser,https://civitai.com/api/download/models/239522
18,52069,Hanabi,https://civitai.com/api/download/models/56520
19,212644,himawari uzumaki-lora-nochekaiser,https://civitai.com/api/download/models/239542
20,51542,himawari_uzumaki_v11_7,https://civitai.com/api/download/models/56018
21,102066,hinata uzumaki-lora-nochekaiser,https://civitai.com/api/download/models/239517
22,91861,Hinata-v2-04,https://civitai.com/api/download/models/97932
23,,,
24,17276,HinataV3,https://civitai.com/api/download/models/20412
25,58066,Hinata[boruto]V2,https://civitai.com/api/download/models/62512
26,83149,Hinata[Shippuden][V1],https://civitai.com/api/download/models/88358
27,152201,hyuuga_hanabi-10,https://civitai.com/api/download/models/170275
28,152207,hyuuga_hinata-10,https://civitai.com/api/download/models/170280
29,83479,ino yamanaka epoch5,https://civitai.com/api/download/models/88727
30,212650,ino yamanaka-lora-nochekaiser,https://civitai.com/api/download/models/239548
31,14514,Ino,https://civitai.com/api/download/models/17093
32,17017,InoV5-1,https://civitai.com/api/download/models/20099
33,211163,Ino_Yamanaka_Ecsta,https://civitai.com/api/download/models/237861
34,86315,kaguya[V1,https://civitai.com/api/download/models/91779
35,95379,KAGUYA_V2,https://civitai.com/api/download/models/101798
36,207335,kakaxi_v1,https://civitai.com/api/download/models/233433
37,108060,Karin,https://civitai.com/api/download/models/116247
38,22946,kawakiuzumaki,https://civitai.com/api/download/models/27393
39,23341,kawakiv2,https://civitai.com/api/download/models/27876
40,108793,KibaInuzuka,https://civitai.com/api/download/models/117180
41,25476,KM_NarutoS-V2,https://civitai.com/api/download/models/33458
42,149874,konanv2,https://civitai.com/api/download/models/210080
43,15520,Konan_V2,https://civitai.com/api/download/models/18310
44,222474,kunoichi fuu-lora-nochekaiser,https://civitai.com/api/download/models/250968
45,157184,kurenai-lora-nochekaiser,https://civitai.com/api/download/models/176482
46,189102,Kurenais-000040,https://civitai.com/api/download/models/212395
47,62505,kurotsuchi_v1,https://civitai.com/api/download/models/67060
48,157173,kushina uzumaki v2-lora-nochekaiser,https://civitai.com/api/download/models/243515
49,27659,Kushina,https://civitai.com/api/download/models/33116
50,27185,KushinaNS,https://civitai.com/api/download/models/32537
51,219565,lady kiri-lora-nochekaiser,https://civitai.com/api/download/models/247580
52,177009,LoRA_Chouchou,https://civitai.com/api/download/models/198716
53,149850,mabui-lora-nochekaiser,https://civitai.com/api/download/models/167425
54,149857,meiterumi-lora-nochekaiser,https://civitai.com/api/download/models/167434
55,61802,minato-000006,https://civitai.com/api/download/models/66294
56,61990,MinatoKCM-v1 (5),https://civitai.com/api/download/models/66508
57,217532,mirai sarutobi-lora-nochekaiser,https://civitai.com/api/download/models/245156
58,27815,data,https://civitai.com/api/download/models/212627?type=Training%20Data
58,167946,moegi,https://civitai.com/api/download/models/188875
59,81833,my_HyuugaHanabi_v1,https://civitai.com/api/download/models/86868
60,68399,nanjo,https://civitai.com/api/download/models/73086
61,55443,Nara_Shikamaru-10,https://civitai.com/api/download/models/59823
62,87762,NarukoUzumaki,https://civitai.com/api/download/models/93402
63,202728,Naruto,https://civitai.com/api/download/models/228249
64,85837,NarutoHeadband,https://civitai.com/api/download/models/91252
65,91738,NarutoSamui-v3-06,https://civitai.com/api/download/models/135359
66,48078,NarutoSamuiv3-04,https://civitai.com/api/download/models/52693
67,21740,narutovers,https://civitai.com/api/download/models/25945
68,83503,naruto_mitarashi-10,https://civitai.com/api/download/models/88753
69,88299,naruto_uchihaitachi-10,https://civitai.com/api/download/models/93971
70,89746,naruto_uchihamadara-10,https://civitai.com/api/download/models/95541
71,211336,Naruto_zilaiye,https://civitai.com/api/download/models/238067
72,89612,nar_kurenai_yuhi-10,https://civitai.com/api/download/models/95399
73,88996,nar_terumi_mei-10,https://civitai.com/api/download/models/94709
74,116419,Pakura,https://civitai.com/api/download/models/126063
75,186484,Rin-000025,https://civitai.com/api/download/models/209395
76,42650,Rin-15,https://civitai.com/api/download/models/47323
77,67082,Sakura,https://civitai.com/api/download/models/71709
78,67082,SakuraV2,https://civitai.com/api/download/models/246081
78,53464,Sakura[Boruto]V2,https://civitai.com/api/download/models/57822
79,31705,sami_Naru-000008,https://civitai.com/api/download/models/38131
80,149862,samui-lora-nochekaiser,https://civitai.com/api/download/models/167441
81,134474,1651296745238166282,https://civitai.com/api/download/models/148125
82,212610,sarada uchiha-lora-nochekaiser,https://civitai.com/api/download/models/239505
83,129776,Sarada-15,https://civitai.com/api/download/models/144303
84,197156,1680182551274693812,https://civitai.com/api/download/models/221718
85,191966,SasameFuuma-15,https://civitai.com/api/download/models/215630
86,19408,Sasuke Boruto,https://civitai.com/api/download/models/23035
87,37439,sasuke,https://civitai.com/api/download/models/43438
88,185384,data,https://civitai.com/api/download/models/208128?type=Training%20Data
89,181735,Shadow_clone-09,https://civitai.com/api/download/models/203958
90,118892,shizune-nvwls-v1-final,https://civitai.com/api/download/models/129032
91,21070,data,https://civitai.com/api/download/models/202748?type=Training%20Data
92,82262,SumireKakei-13,https://civitai.com/api/download/models/87355
93,71507,t5un4d3-v1,https://civitai.com/api/download/models/76396
94,63211,Tayuya,https://civitai.com/api/download/models/67751
95,197847,Tayuyas-000040,https://civitai.com/api/download/models/222550
96,77153,Temari Nara v2,https://civitai.com/api/download/models/248524
97,77153,Temari Nara [Boruto],https://civitai.com/api/download/models/81936
97,107440,Temari[Boruto][V2,https://civitai.com/api/download/models/115535
98,23669,Temari_Wrise,https://civitai.com/api/download/models/28269
99,95411,Tenten[V2Alt],https://civitai.com/api/download/models/101842
100,76983,Terumi Mei v1,https://civitai.com/api/download/models/81776
101,76983,Terumi Mei V2,https://civitai.com/api/download/models/142716
101,42657,terumi-15,https://civitai.com/api/download/models/47327
102,94793,TsunadeV1,https://civitai.com/api/download/models/101112
103,11845,Tunade_Senju_v1_1,https://civitai.com/api/download/models/81072
104,152260,uchiha_sarada-10,https://civitai.com/api/download/models/170346
105,51909,UzumakiHimawari_v1,https://civitai.com/api/download/models/56381
106,10090,Uzumaki_Kushina,https://civitai.com/api/download/models/11996
107,10090,data,https://civitai.com/api/download/models/120398?type=Training%20Data
107,146413,victor_secretary-01 ,https://civitai.com/api/download/models/163050
108,134717,wasabi-01,https://civitai.com/api/download/models/148413
109,219606,Yakumo,https://civitai.com/api/download/models/247627
110,153330,yamanaka_ino-10,https://civitai.com/api/download/models/171697
111,123917,Yodo-01,https://civitai.com/api/download/models/135181
112,132008,yugito_nii_lora-10,https://civitai.com/api/download/models/145156
113,9149,Yuhi-v1,https://civitai.com/api/download/models/10823
114,66986,Alvida,https://civitai.com/api/download/models/71644
115,66075,Baby5,https://civitai.com/api/download/models/70720
116,8189,Brook,https://civitai.com/api/download/models/9669
117,56122,Carina,https://civitai.com/api/download/models/60531
118,74465,CarrotSulong,https://civitai.com/api/download/models/79179
119,55576,Cindry,https://civitai.com/api/download/models/59972
120,54717,Doll,https://civitai.com/api/download/models/59096
121,8200,Franky,https://civitai.com/api/download/models/9680
122,60177,jewelry bonneyV1,https://civitai.com/api/download/models/64651
123,60177,jewelry bonneyV2,https://civitai.com/api/download/models/79916
123,54874,Koala,https://civitai.com/api/download/models/59258
124,62910,MakinoOP,https://civitai.com/api/download/models/67416
125,71393,Mikita,https://civitai.com/api/download/models/76091
126,11521,namiOP,https://civitai.com/api/download/models/14013
127,15431,nami_final_offset,https://civitai.com/api/download/models/18189
128,18008,nico_robin_post_timeskip_offset,https://civitai.com/api/download/models/21283
129,5066,oda_eiichirou,https://civitai.com/api/download/models/5866
130,72636,onepiece_boahancock-09,https://civitai.com/api/download/models/77367
131,49173,onepiece_zoro-10,https://civitai.com/api/download/models/53768
132,25777,PeronaLORA-000004,https://civitai.com/api/download/models/30861
133,25808,perona_v2,https://civitai.com/api/download/models/32609
134,25808,perona_v3,https://civitai.com/api/download/models/92594
134,55207,RebeccaOP_Kyros_v1,https://civitai.com/api/download/models/59585
135,62930,rebeccaV1,https://civitai.com/api/download/models/67437
136,55163,Rebecca_v1,https://civitai.com/api/download/models/59805
137,54354,Stussy,https://civitai.com/api/download/models/58718
138,56390,Ulti,https://civitai.com/api/download/models/60800
139,5588,uta,https://civitai.com/api/download/models/6503
140,54884,Vivi,https://civitai.com/api/download/models/59274
141,4219,wanostyle_2_offset,https://civitai.com/api/download/models/6331
142,24272,YamatoOP,https://civitai.com/api/download/models/29019
143,41860,Fade-10,https://civitai.com/api/download/models/46599
144,10777,killjoy,https://civitai.com/api/download/models/12789
145,16527,neon-10,https://civitai.com/api/download/models/42673
146,8674,Reyna-v2,https://civitai.com/api/download/models/10231
147,24094,sage,https://civitai.com/api/download/models/28787
148,91412,Valorant Raze,https://civitai.com/api/download/models/97424
149,10964,ValorantJett,https://civitai.com/api/download/models/13000
150,85063,Valorant_Skye-000018,https://civitai.com/api/download/models/90404
151,13888,viper-LoRA,https://civitai.com/api/download/models/16344
152,95060,Black_See-through_Bodysuit,https://civitai.com/api/download/models/101425
153,57737,deep_v-neck_dress,https://civitai.com/api/download/models/62173
154,49442,elegant_mermaid_dress,https://civitai.com/api/download/models/54017
155,19166,exbikini2,https://civitai.com/api/download/models/58799
156,19166,exmicronew,https://civitai.com/api/download/models/179187
156,105640,Japanese maid dress v5_20230708160753,https://civitai.com/api/download/models/113373
157,78754,luxury_dress,https://civitai.com/api/download/models/83572
158,102217,micro_slingshot_v1,https://civitai.com/api/download/models/109412
159,95733,OutfitGlorious,https://civitai.com/api/download/models/102235
160,181905,pose undressing pantyhose-000008,https://civitai.com/api/download/models/204148
161,73192,puff_dress-10,https://civitai.com/api/download/models/77911
162,69986,RibbonBraV1,https://civitai.com/api/download/models/74650
163,47610,sexy_maid_dress,https://civitai.com/api/download/models/52207
164,48557,sexy_wedding_short_dress,https://civitai.com/api/download/models/53153
165,7957,slingshot,https://civitai.com/api/download/models/122473
166,7957,Slingshot_V_Conv2D,https://civitai.com/api/download/models/81697
166,78754,striped_dress-10,https://civitai.com/api/download/models/103758
166,94231,undressing_another_v0,https://civitai.com/api/download/models/100523
167,100754,wedding,https://civitai.com/api/download/models/107835
168,77893,whale_tail,https://civitai.com/api/download/models/82669
169,22977,anmnr01AOM3A1,https://civitai.com/api/download/models/27439
170,64449,annabellpeaks_v2,https://civitai.com/api/download/models/70548
171,101338,ARWCandiBuddha,https://civitai.com/api/download/models/108471
172,34975,Gang Cheol Wang,https://civitai.com/api/download/models/41239
173,7266,GTA5_Artwork,https://civitai.com/api/download/models/8542
174,66719,GTA_Style,https://civitai.com/api/download/models/71354
175,51621,IndianDollLikeness-A v1,https://civitai.com/api/download/models/56097
176,51621,IndianDollLikeness-B v1,https://civitai.com/api/download/models/56105
176,48139,LowRA,https://civitai.com/api/download/models/63006
177,60046,tanjoreAI-000005,https://civitai.com/api/download/models/64505
178,27721,ahegao,https://civitai.com/api/download/models/33194
179,8505,Ahegaoo,https://civitai.com/api/download/models/10029
180,45566,ahegaov1A,https://civitai.com/api/download/models/50192
181,213024,ahegao_control_v1,https://civitai.com/api/download/models/239966
182,44843,graa-15,https://civitai.com/api/download/models/49461
183,88886,grabbing_anothers_ass_v,https://civitai.com/api/download/models/94584
184,19310,POVAssGrab,https://civitai.com/api/download/models/22912
185,204414,1683218430497363496,https://civitai.com/api/download/models/240867
186,157798,animeblowjob_v4,https://civitai.com/api/download/models/177277
187,130381,archf-000006,https://civitai.com/api/download/models/143006
188,5975,balls_deep_v1,https://civitai.com/api/download/models/6964
189,80122,BJ_1,https://civitai.com/api/download/models/84948
190,31328,concept-staged-deepthroat-v3,https://civitai.com/api/download/models/39546
191,47020,concept-under_table-fellatio-v1,https://civitai.com/api/download/models/51605
192,141075,Concept_CheekBulgePov_1,https://civitai.com/api/download/models/156389
193,25980,EkunePOVFellatioV2,https://civitai.com/api/download/models/97021
194,174701,fellajob-off,https://civitai.com/api/download/models/196126
195,221940,Fellatio under table_197715,https://civitai.com/api/download/models/250336
196,142685,Fellatio,https://civitai.com/api/download/models/158250
197,47123,frontdeep1-000010,https://civitai.com/api/download/models/51706
198,125163,implied fellatio,https://civitai.com/api/download/models/136709
199,54771,Maskes_Balls_Deep_Deepthroat_LoRA,https://civitai.com/api/download/models/59154
200,94912,pov_deepthroat_v0,https://civitai.com/api/download/models/101249
201,46339,qqq-ffm_cooperative_fellatio-v1,https://civitai.com/api/download/models/50954
202,72233,6_vacuum fellatio,https://civitai.com/api/download/models/150301?type=Training%20Data
203,163148,vacuumfera2,https://civitai.com/api/download/models/183857
204,118888,GrabTits-08,https://civitai.com/api/download/models/129029
205,15815,POVBGV2,https://civitai.com/api/download/models/23040
206,139755,pov_torso_grab_v0,https://civitai.com/api/download/models/154818
207,42515,qqq-grabbing_from_behind-v2-000006,https://civitai.com/api/download/models/50847
208,24960,SelfBreastGrab,https://civitai.com/api/download/models/29860
209,111022,BREAST_GRAB_V2_b,https://civitai.com/api/download/models/138862
210,109745,bukkake_v0,https://civitai.com/api/download/models/118273
211,24269,cum on any v3,https://civitai.com/api/download/models/29016
212,58796,CUM ON BREASTS ,https://civitai.com/api/download/models/63238
213,16775,CumOnTongueMS,https://civitai.com/api/download/models/19802
214,8324,cumwaka,https://civitai.com/api/download/models/9823
215,151301,Ejaculating_Cum_v2,https://civitai.com/api/download/models/171050
216,59880,Fudo-15,https://civitai.com/api/download/models/64341
217,14284,Gokkun,https://civitai.com/api/download/models/16805
218,175282,hatecum,https://civitai.com/api/download/models/196806
219,15536,LR-Cum in stomach V1,https://civitai.com/api/download/models/18327
220,101548,projectile_cum_v0,https://civitai.com/api/download/models/108698
221,120152,vomcum,https://civitai.com/api/download/models/130644
222,32593,vomiting cum(vic),https://civitai.com/api/download/models/39006
223,98256,DOGGY3rd-000007,https://civitai.com/api/download/models/105064
224,216545,DoggyPov1,https://civitai.com/api/download/models/244032
225,158435,DoggystyleFromside1,https://civitai.com/api/download/models/240507
226,124027,doggystyle_piledriver_v0,https://civitai.com/api/download/models/135334
227,51366,DOGGY_V1,https://civitai.com/api/download/models/55844
228,28360,EkuneSideDoggy,https://civitai.com/api/download/models/34020
229,12682,fixStandingDoggyStyle-000017,https://civitai.com/api/download/models/15529
230,131172,front_view_all_fours_doggystyle_v1,https://civitai.com/api/download/models/144144
231,155566,hold_down_doggystyle_v1,https://civitai.com/api/download/models/174505
232,8723,POVDoggy,https://civitai.com/api/download/models/10290
233,6619,breastfeeding_handjob,https://civitai.com/api/download/models/7777
234,99948,cuddling_handjob_v0,https://civitai.com/api/download/models/106979
235,203572,Handjob,https://civitai.com/api/download/models/229195
236,24484,HandjobMS,https://civitai.com/api/download/models/29282
237,15880,nursing-000020,https://civitai.com/api/download/models/18745
238,101854,nursing_handjob_v0,https://civitai.com/api/download/models/109023
239,167553,POV_cooperative_handjob_v1,https://civitai.com/api/download/models/188452
240,49841,qqq-ffm_handjob-v1,https://civitai.com/api/download/models/54373
241,103190,sitting_handjob_v0,https://civitai.com/api/download/models/110467
242,165113,boobs sandwich1,https://civitai.com/api/download/models/185899
243,159182,HaremAVCover-15,https://civitai.com/api/download/models/178998
244,197455,multiple boys_v1,https://civitai.com/api/download/models/222061
245,21856,MultipleAsses_v1,https://civitai.com/api/download/models/26089
246,104245,multiple_penises_v0,https://civitai.com/api/download/models/111705
247,77625,PaizuriCompetitionV1-000095,https://civitai.com/api/download/models/82392
248,62919,TriplePaizuriV1,https://civitai.com/api/download/models/67425
249,103715,grabbing_anothers_hair_v0,https://civitai.com/api/download/models/111529
250,18373,"hair grabbing v1【hair grabbing,grabbing another's hair,sex from behind,doggstyle】",https://civitai.com/api/download/models/21779
251,32773,hgrb,https://civitai.com/api/download/models/39168
252,4645,matingpress1,https://civitai.com/api/download/models/17950
253,177873,matingpress_leglock_v1,https://civitai.com/api/download/models/199682
254,90532,mating_press_v0,https://civitai.com/api/download/models/96439
255,191670,mating_press_v1,https://civitai.com/api/download/models/215291
256,218855,Missionary,https://civitai.com/api/download/models/246746
257,148318,missionary_legs_toghether_v1,https://civitai.com/api/download/models/165497
258,170287,missionary_raised_legs,https://civitai.com/api/download/models/191347
259,14674,PovMissionaryAnal-v3,https://civitai.com/api/download/models/20858
260,14674,PovMissionaryAnal-v6,https://civitai.com/api/download/models/67485
260,140332,standsex,https://civitai.com/api/download/models/155507
261,105303,tanepress,https://civitai.com/api/download/models/112940
262,19568,waistGrab,https://civitai.com/api/download/models/23224
263,210966,boy_on_top_paizur,https://civitai.com/api/download/models/237621
264,73302,breastgrabpaizuri 2,https://civitai.com/api/download/models/197561
265,114838,double_paizuri-V01,https://civitai.com/api/download/models/124176
266,84338,paizuri,https://civitai.com/api/download/models/89659
267,186826,Paizuri2,https://civitai.com/api/download/models/209766
268,119758,PaizuriAIOv24 - LoConV2-000050,https://civitai.com/api/download/models/137988
269,11842,PaizuriAllinOneV4,https://civitai.com/api/download/models/24545
270,105042,PaizuriLickingV2-000090,https://civitai.com/api/download/models/115944
271,118088,paizuri_1-000006,https://civitai.com/api/download/models/128050
272,12726,POVPaizuri,https://civitai.com/api/download/models/14996
273,213564,pov_paizuri_v0,https://civitai.com/api/download/models/240556
274,49743,qqq-ffm_paizuri-v1,https://civitai.com/api/download/models/54291
275,36836,qqq-POV_paizuri-v2,https://civitai.com/api/download/models/59723
276,18417,undtoral-000020,https://civitai.com/api/download/models/21843
277,118928,against_glass_v0,https://civitai.com/api/download/models/129077
278,125498,ass_support_object_v0,https://civitai.com/api/download/models/137086
279,124974,ass_support_v0,https://civitai.com/api/download/models/136496
280,50583,ass_up_wait,https://civitai.com/api/download/models/55098
281,64619,ass_up_wait_feet,https://civitai.com/api/download/models/69251
282,82926,ass_worship_v0,https://civitai.com/api/download/models/88097
283,7328,breasts_on_glass,https://civitai.com/api/download/models/8614
284,11363,cervix,https://civitai.com/api/download/models/25584
285,37622,chinpose-000005,https://civitai.com/api/download/models/43592
286,57335,concept-waiting_for_cum-v1,https://civitai.com/api/download/models/61742
287,145436,CrotchlessPantsV1A10,https://civitai.com/api/download/models/161789
288,79727,eager_pet_pose_v1,https://civitai.com/api/download/models/84550
289,95579,eropose_allfours,https://civitai.com/api/download/models/102047
290,5965,fellatio_invitation_e11,https://civitai.com/api/download/models/6952
291,10065,Folded,https://civitai.com/api/download/models/11969
292,162832,gape_cpt_v04,https://civitai.com/api/download/models/183462
293,132974,grabbing_own_ass_v0,https://civitai.com/api/download/models/146331
294,8179,GrabOwnAss-DIM1,https://civitai.com/api/download/models/13373
295,20026,LegUpPresenting,https://civitai.com/api/download/models/23784
296,198749,masturbating_v1,https://civitai.com/api/download/models/223613
297,203727,MS_Fellatio_Gesture_Lite,https://civitai.com/api/download/models/229350
298,60384,paizuriinvitation-12,https://civitai.com/api/download/models/64849
299,82238,PaizuriInvitation,https://civitai.com/api/download/models/87324
300,139600,pose ass_on_glass-000006,https://civitai.com/api/download/models/154631
301,153365,pose invited-000008,https://civitai.com/api/download/models/171738
302,148377,pose mirror-000008,https://civitai.com/api/download/models/165564
303,148384,pose open door-000008,https://civitai.com/api/download/models/165572
304,148380,pose selfie mirror-000008,https://civitai.com/api/download/models/165567
305,35879,pov_breasts_undress_v1,https://civitai.com/api/download/models/42074
306,147841,praise_da_booty,https://civitai.com/api/download/models/164928
307,61316,presentass,https://civitai.com/api/download/models/65790
308,102963,presenting_panties_v0,https://civitai.com/api/download/models/110190
309,115005,raised_leg_invitation_v1,https://civitai.com/api/download/models/124386
310,19669,spp_spreadpussy-V3,https://civitai.com/api/download/models/23353
311,19669,spp_spreadpussy-W-V1,https://civitai.com/api/download/models/30420
311,13127,SpreadAssMS,https://civitai.com/api/download/models/15467
312,146109,squat,https://civitai.com/api/download/models/162624
